Equipe,Posicao,Nome,PPG,RPG,APG,Altura,Peso,País,Idade,Data_de_nascimento,DRAFT,Experiência,Mês
New York Knicks,Forward,Precious Achiuwa,6.3,5.6,1.0,2.03,110,Nigeria,25 years,1999-09-19,2020 R1 Pick 20,4 Years,9
Houston Rockets,Center,Steven Adams,3.5,5.3,1.2,2.11,120,New Zealand,31 years,1993-07-20,2013 R1 Pick 12,10 Years,7
Miami Heat,Center-Forward,Bam Adebayo,17.6,9.8,4.4,2.06,116,USA,27 years,1997-07-18,2017 R1 Pick 14,7 Years,7
Toronto Raptors,Guard,Ochai Agbaji,10.1,3.7,1.5,1.96,98,USA,24 years,2000-04-20,2022 R1 Pick 14,2 Years,4
Memphis Grizzlies,Forward-Center,Santi Aldama,12.8,6.6,2.9,2.13,98,Spain,24 years,2001-01-10,2021 R1 Pick 30,3 Years,1
Denver Nuggets,Guard,Trey Alexander,1.0,0.5,0.4,1.93,84,USA,21 years,2003-05-02,Undrafted,Rookie,5
Minnesota Timberwolves,Guard,Nickeil Alexander-Walker,9.3,3.2,2.5,1.96,93,Canada,26 years,1998-09-02,2019 R1 Pick 17,5 Years,9
Phoenix Suns,Guard,Grayson Allen,10.7,3.1,2.2,1.93,90,USA,29 years,1995-10-08,2018 R1 Pick 21,6 Years,10
Cleveland Cavaliers,Center,Jarrett Allen,13.4,10.1,1.9,2.06,110,USA,26 years,1998-04-21,2017 R1 Pick 22,7 Years,4
New Orleans Pelicans,Guard,Jose Alvarado,9.6,2.3,4.6,1.83,81,USA,26 years,1998-04-12,Undrafted,3 Years,4
Miami Heat,Forward-Guard,Kyle Anderson,5.2,3.1,2.2,2.06,104,USA,31 years,1993-09-20,2014 R1 Pick 30,10 Years,9
Milwaukee Bucks,Forward,Giannis Antetokounmpo,30.2,12.0,5.9,2.11,110,Greece,30 years,1994-12-06,2013 R1 Pick 15,11 Years,12
Orlando Magic,Guard,Cole Anthony,9.6,3.0,2.9,1.88,84,USA,24 years,2000-05-15,2020 R1 Pick 15,4 Years,5
New York Knicks,Forward-Guard,OG Anunoby,16.8,4.8,2.2,2.01,109,United Kingdom,27 years,1997-07-17,2017 R1 Pick 23,7 Years,7
Golden State Warriors,Guard,Taran Armstrong,--,--,--,1.96,86,Australia,23 years,2002-01-15,Undrafted,Rookie,1
Portland Trail Blazers,Forward,Deni Avdija,15.9,6.8,3.7,2.06,109,Israel,24 years,2001-01-03,2020 R1 Pick 9,4 Years,1
Portland Trail Blazers,Center,Deandre Ayton,14.4,10.2,1.6,2.13,114,Bahamas,26 years,1998-07-23,2018 R1 Pick 1,6 Years,7
Memphis Grizzlies,Forward,Marvin Bagley III,4.1,2.6,0.3,2.08,107,USA,26 years,1999-03-14,2018 R1 Pick 2,6 Years,3
LA Clippers,Forward,Patrick Baldwin Jr.,2.1,1.0,0.1,2.06,100,USA,22 years,2002-11-18,2022 R1 Pick 28,2 Years,11
Charlotte Hornets,Guard,LaMelo Ball,25.4,5.1,7.2,2.01,82,USA,23 years,2001-08-22,2020 R1 Pick 3,4 Years,8
Chicago Bulls,Guard,Lonzo Ball,7.6,3.4,3.3,1.98,86,USA,27 years,1997-10-27,2017 R1 Pick 2,5 Years,10
NA,NA,Mo Bamba,4.3,4.5,0.6,2.13,105,USA,26 years,1998-05-12,2018 R1 Pick 6,6 Years,5
Orlando Magic,Forward,Paolo Banchero,25.4,7.2,4.8,2.08,113,USA,22 years,2002-11-12,2022 R1 Pick 1,2 Years,11
Memphis Grizzlies,Guard,Desmond Bane,18.9,6.3,5.4,1.96,98,USA,26 years,1998-06-25,2020 R1 Pick 30,4 Years,6
Portland Trail Blazers,Forward,Dalano Banton,7.8,1.8,2.1,2.03,92,Canada,25 years,1999-11-07,2021 R2 Pick 46,3 Years,11
Atlanta Hawks,Forward,Dominick Barlow,3.9,2.0,0.4,2.03,98,USA,21 years,2003-05-26,Undrafted,2 Years,5
San Antonio Spurs,Forward,Harrison Barnes,11.8,3.8,1.7,2.03,102,USA,32 years,1992-05-30,2012 R1 Pick 7,12 Years,5
Toronto Raptors,Forward-Guard,Scottie Barnes,19.7,7.8,5.9,2.01,108,USA,23 years,2001-08-01,2021 R1 Pick 4,3 Years,8
Toronto Raptors,Forward-Guard,RJ Barrett,21.5,6.5,5.7,1.98,97,Canada,24 years,2000-06-14,2019 R1 Pick 3,5 Years,6
San Antonio Spurs,Center-Forward,Charles Bassey,4.6,4.4,0.5,2.08,104,Nigeria,24 years,2000-10-28,2021 R2 Pick 53,3 Years,10
Cleveland Cavaliers,Forward,Emoni Bates,0.9,--,0.6,2.03,77,USA,21 years,2004-01-28,2023 R2 Pick 49,1 Year,1
Toronto Raptors,Forward,Jamison Battle,6.3,2.2,0.8,2.01,100,USA,23 years,2001-05-10,Undrafted,Rookie,5
LA Clippers,Guard-Forward,Nicolas Batum,3.9,2.9,1.2,2.03,104,France,36 years,1988-12-14,2008 R1 Pick 25,16 Years,12
Charlotte Hornets,Guard,Damion Baugh,8.3,3.1,3.9,1.93,88,USA,24 years,2000-08-03,Undrafted,Rookie,8
Phoenix Suns,Guard,Bradley Beal,17.3,3.4,3.6,1.93,94,USA,31 years,1993-06-28,2012 R1 Pick 3,12 Years,6
Detroit Pistons,Guard,Malik Beasley,16.2,2.7,1.7,1.93,85,USA,28 years,1996-11-26,2016 R1 Pick 19,8 Years,11
New York Knicks,Forward,MarJon Beauchamp,2.2,1.2,0.3,2.01,90,USA,24 years,2000-10-12,2022 R1 Pick 24,2 Years,10
Brooklyn Nets,Guard,Reece Beekman,2.0,0.9,1.3,1.91,86,USA,23 years,2001-10-08,Undrafted,Rookie,10
Washington Wizards,Guard-Forward,Saddiq Bey,13.7,6.5,1.5,2.01,98,USA,25 years,1999-04-09,2020 R1 Pick 19,4 Years,4
Orlando Magic,Center-Forward,Goga Bitadze,7.6,6.8,2.0,2.08,113,Georgia,25 years,1999-07-20,2019 R1 Pick 18,5 Years,7
San Antonio Spurs,Center,Bismack Biyombo,5.1,4.8,1.1,2.03,116,DRC,32 years,1992-08-28,2011 R1 Pick 7,13 Years,8
Orlando Magic,Guard,Anthony Black,9.0,2.8,3.1,2.01,91,USA,21 years,2004-01-20,2023 R1 Pick 6,1 Year,1
LA Clippers,Guard,Bogdan Bogdanovi?,11.2,3.0,2.6,1.96,102,Serbia,32 years,1992-08-18,2014 R1 Pick 27,7 Years,8
Phoenix Suns,Center-Forward,Bol Bol,7.2,3.2,0.6,2.21,100,Sudan,25 years,1999-11-16,2019 R2 Pick 44,5 Years,11
Philadelphia 76ers,Forward,Adem Bona,4.0,3.3,0.3,2.08,107,Nigeria,21 years,2003-03-28,2024 R2 Pick 41,Rookie,3
Phoenix Suns,Guard,Devin Booker,25.8,4.1,7.0,1.98,93,USA,28 years,1996-10-30,2015 R1 Pick 13,9 Years,10
New Orleans Pelicans,Guard,Brandon Boston,10.7,3.2,2.2,1.98,85,USA,23 years,2001-11-28,2021 R2 Pick 51,3 Years,11
Toronto Raptors,Forward,Chris Boucher,10.0,4.5,0.7,2.06,91,Saint Lucia,32 years,1993-01-11,Undrafted,7 Years,1
Milwaukee Bucks,Guard,Jamaree Bouyea,2.0,--,1.0,1.88,82,USA,25 years,1999-06-27,Undrafted,2 Years,6
NA,NA,Tony Bradley,3.0,1.9,0.4,2.11,112,USA,27 years,1998-01-08,2017 R1 Pick 28,6 Years,1
San Antonio Spurs,Forward,Malaki Branham,3.9,1.0,0.7,1.93,82,USA,21 years,2003-05-12,2022 R1 Pick 20,2 Years,5
Denver Nuggets,Guard,Christian Braun,15.1,5.0,2.4,1.98,100,USA,23 years,2001-04-17,2022 R1 Pick 21,2 Years,4
Phoenix Suns,Forward,Jalen Bridges,0.8,0.6,--,2.03,102,USA,23 years,2001-05-14,Undrafted,Rookie,5
New York Knicks,Guard-Forward,Mikal Bridges,17.7,3.3,3.6,1.98,95,USA,28 years,1996-08-30,2018 R1 Pick 10,6 Years,8
Charlotte Hornets,Forward,Miles Bridges,21.0,7.7,3.9,2.01,102,USA,27 years,1998-03-21,2018 R1 Pick 12,5 Years,3
Philadelphia 76ers,Forward-Guard,Oshae Brissett,9.4,3.6,0.8,2.01,95,Canada,26 years,1998-06-20,Undrafted,5 Years,6
Washington Wizards,Guard,Malcolm Brogdon,12.7,3.8,4.1,1.93,104,USA,32 years,1992-12-11,2016 R2 Pick 36,8 Years,12
Houston Rockets,Guard-Forward,Dillon Brooks,14.0,3.8,1.7,1.98,102,Canada,29 years,1996-01-22,2017 R2 Pick 45,7 Years,1
New Orleans Pelicans, Forward,Keion Brooks Jr.,2.7,2.7,1.0,2.01,95,USA,24 years,2000-08-07,Undrafted,Rookie,8
New Orleans Pelicans,Guard-Forward,Bruce Brown,7.8,3.7,2.0,1.93,92,USA,28 years,1996-08-15,2018 R2 Pick 42,6 Years,8
Boston Celtics,Guard-Forward,Jaylen Brown,22.8,6.1,4.7,1.98,101,USA,28 years,1996-10-24,2016 R1 Pick 3,8 Years,10
LA Clippers,Forward,Kobe Brown,2.1,1.7,0.6,2.01,113,USA,25 years,2000-01-01,2023 R1 Pick 30,1 Year,1
NA,NA,Moses Brown,5.8,3.4,0.2,2.18,117,USA,25 years,1999-10-13,Undrafted,5 Years,10
New York Knicks,Guard,Jalen Brunson,26.3,3.0,7.4,1.88,86,USA,28 years,1996-08-31,2018 R2 Pick 33,6 Years,8
Indiana Pacers,Center-Forward,Thomas Bryant,6.6,4.0,0.9,2.08,112,USA,27 years,1997-07-31,2017 R2 Pick 42,7 Years,7
Atlanta Hawks,Guard,Kobe Bufkin,5.3,2.1,1.7,1.93,88,USA,21 years,2003-09-21,2023 R1 Pick 15,1 Year,9
Miami Heat,Guard,Alec Burks,6.1,2.6,1.1,1.96,97,USA,33 years,1991-07-20,2011 R1 Pick 12,13 Years,7
Philadelphia 76ers,Guard,Jared Butler,7.6,1.7,3.2,1.91,88,USA,24 years,2000-08-25,2021 R2 Pick 40,3 Years,8
Golden State Warriors,Forward,Jimmy Butler III,17.3,5.6,5.5,2.01,104,USA,35 years,1989-09-14,2011 R1 Pick 30,13 Years,9
Chicago Bulls,Forward,Matas Buzelis,7.7,3.1,0.8,2.08,95,USA,20 years,2004-10-13,2024 R1 Pick 11,Rookie,10
New Orleans Pelicans,Forward,Jamal Cain,3.3,2.0,0.6,1.98,87,USA,26 years,1999-03-20,Undrafted,2 Years,3
Orlando Magic,Guard,Kentavious Caldwell-Pope,8.8,2.1,1.8,1.96,93,USA,32 years,1993-02-18,2013 R1 Pick 8,11 Years,2
Portland Trail Blazers,Forward,Toumani Camara,10.9,5.8,2.2,2.01,104,Belgium,24 years,2000-05-08,2023 R2 Pick 52,1 Year,5
Denver Nuggets,Forward,Vlatko ?an?ar,1.6,2.6,0.7,2.03,107,Slovenia,27 years,1997-04-10,2017 R2 Pick 49,4 Years,4
Atlanta Hawks,Center,Clint Capela,8.9,8.5,1.1,2.08,116,Switzerland,30 years,1994-05-18,2014 R1 Pick 25,10 Years,5
Oklahoma City Thunder,Center,Branden Carlson,3.4,1.6,0.4,2.13,100,USA,25 years,1999-06-14,Undrafted,Rookie,6
Washington Wizards,Guard,Bub Carrington,9.0,3.9,4.1,1.93,86,USA,19 years,2005-07-21,2024 R1 Pick 14,Rookie,7
Sacramento Kings,Guard,Devin Carter,4.3,2.3,1.3,1.88,88,USA,23 years,2002-03-18,2024 R1 Pick 13,Rookie,3
Chicago Bulls,Guard,Jevon Carter,3.6,0.9,1.0,1.85,91,USA,29 years,1995-09-14,2018 R2 Pick 32,6 Years,9
Orlando Magic,Center-Forward,Wendell Carter Jr.,9.0,7.5,2.1,2.08,122,USA,25 years,1999-04-16,2018 R1 Pick 7,6 Years,4
NA,NA,D.J. Carton,0.8,1.0,0.8,1.91,91,USA,24 years,2000-08-05,Undrafted,1 Year,8
Oklahoma City Thunder,Guard,Alex Caruso,6.6,2.6,2.5,1.96,84,USA,31 years,1994-02-28,Undrafted,7 Years,2
San Antonio Spurs,Guard,Stephon Castle,14.0,3.2,3.7,1.98,98,USA,20 years,2004-11-01,2024 R1 Pick 4,Rookie,11
Toronto Raptors,Center,Colin Castleton,4.1,4.1,0.9,2.08,113,USA,24 years,2000-05-25,Undrafted,1 Year,5
San Antonio Spurs,Forward,Julian Champagnie,9.4,3.8,1.3,2.01,98,USA,23 years,2001-06-29,Undrafted,2 Years,6
Washington Wizards,Guard-Forward,Justin Champagnie,7.7,4.9,0.9,1.98,93,USA,23 years,2001-06-29,Undrafted,3 Years,6
Toronto Raptors,Center,Ulrich Chomche,0.7,1.1,0.3,2.11,107,Cameroon,19 years,2005-12-30,2024 R2 Pick 57,Rookie,12
LA Clippers,Guard,Cam Christie,1.6,0.9,0.6,1.98,86,USA,19 years,2005-07-24,2024 R2 Pick 46,Rookie,7
Dallas Mavericks,Guard,Max Christie,9.5,3.3,1.9,1.96,86,USA,22 years,2003-02-10,2022 R2 Pick 35,2 Years,2
Miami Heat,Guard,Josh Christopher,0.8,0.4,0.5,1.93,98,USA,23 years,2001-12-08,2021 R1 Pick 24,2 Years,12
Portland Trail Blazers,Guard,Sidy Cissoko,1.1,0.6,0.3,1.98,91,France,20 years,2004-04-02,2023 R2 Pick 44,1 Year,4
Minnesota Timberwolves,Guard,Jaylen Clark,4.6,1.3,0.7,1.93,93,USA,23 years,2001-10-13,2023 R2 Pick 53,Rookie,10
Memphis Grizzlies,Forward,Brandon Clarke,8.3,5.1,1.0,2.03,98,Canada,28 years,1996-09-19,2019 R1 Pick 21,5 Years,9
Utah Jazz,Guard,Jordan Clarkson,16.4,3.2,3.8,1.91,88,USA,32 years,1992-06-07,2014 R2 Pick 46,10 Years,6
Brooklyn Nets,Center,Nic Claxton,10.0,7.6,2.3,2.11,98,USA,25 years,1999-04-17,2019 R2 Pick 31,5 Years,4
Portland Trail Blazers,Center,Donovan Clingan,6.1,7.5,1.0,2.18,127,USA,21 years,2004-02-23,2024 R1 Pick 7,Rookie,2
Brooklyn Nets,Forward-Center,Noah Clowney,9.2,3.8,0.8,2.06,95,USA,20 years,2004-07-14,2023 R1 Pick 21,1 Year,7
LA Clippers,Guard-Forward,Amir Coffey,10.0,2.3,1.1,2.01,95,USA,27 years,1997-06-17,Undrafted,5 Years,6
Utah Jazz,Guard,Isaiah Collier,7.9,3.3,6.2,1.91,95,USA,20 years,2004-10-08,2024 R1 Pick 29,Rookie,10
Utah Jazz,Forward-Center,John Collins,19.0,8.2,2.0,2.06,103,USA,27 years,1997-09-23,2017 R1 Pick 19,7 Years,9
NA,NA,Yuri Collins,1.0,1.5,2.0,1.83,86,USA,24 years,2001-03-07,Undrafted,Rookie,3
Chicago Bulls,Forward-Center,Zach Collins,6.4,4.2,1.7,2.11,113,USA,27 years,1997-11-19,2017 R1 Pick 10,6 Years,11
Minnesota Timberwolves,Guard,Mike Conley,8.3,2.5,4.5,1.83,79,USA,37 years,1987-10-11,2007 R1 Pick 4,17 Years,10
Milwaukee Bucks,Guard,Pat Connaughton,4.0,2.5,1.6,1.96,95,USA,32 years,1993-01-06,2015 R2 Pick 41,9 Years,1
Washington Wizards,Guard,Bilal Coulibaly,12.3,5.0,3.4,2.03,88,France,20 years,2004-07-26,2023 R1 Pick 7,1 Year,7
Philadelphia 76ers,Guard,Ricky Council IV,6.8,2.5,1.2,1.98,94,USA,23 years,2001-08-03,Undrafted,1 Year,8
Boston Celtics,Forward,Torrey Craig,4.9,2.2,0.4,1.96,100,USA,34 years,1990-12-19,Undrafted,7 Years,12
Sacramento Kings,Forward,Isaiah Crawford,1.2,0.7,--,1.98,100,USA,23 years,2001-11-01,Undrafted,Rookie,11
Sacramento Kings,Forward,Jae Crowder,2.9,2.4,0.6,1.98,107,USA,34 years,1990-07-06,2012 R2 Pick 34,12 Years,7
Detroit Pistons,Guard,Cade Cunningham,25.7,6.1,9.2,1.98,100,USA,23 years,2001-09-25,2021 R1 Pick 1,3 Years,9
Charlotte Hornets,Guard,Seth Curry,6.1,1.6,0.8,1.85,84,USA,34 years,1990-08-23,Undrafted,10 Years,8
Golden State Warriors,Guard,Stephen Curry,24.2,4.4,6.0,1.88,84,USA,37 years,1988-03-14,2009 R1 Pick 7,15 Years,3
Orlando Magic,Forward,Tristan da Silva,7.4,3.4,1.5,2.03,98,Germany,23 years,2001-05-15,2024 R1 Pick 18,Rookie,5
New York Knicks,Forward,Pacome Dadiet,1.7,0.9,0.3,2.03,95,France,19 years,2005-07-27,2024 R1 Pick 25,Rookie,7
Atlanta Hawks,Guard,Dyson Daniels,14.0,5.7,4.3,2.01,90,Australia,22 years,2003-03-17,2022 R1 Pick 8,2 Years,3
Houston Rockets,Center,N'Faly Dante,10.0,9.0,1.0,2.11,104,Mali,23 years,2001-10-19,Undrafted,Rookie,10
Dallas Mavericks,Forward-Center,Anthony Davis,25.7,12.0,3.4,2.08,115,USA,32 years,1993-03-11,2012 R1 Pick 1,12 Years,3
NA,NA,Johnny Davis,2.4,1.1,0.3,1.93,88,USA,23 years,2002-02-27,2022 R1 Pick 10,2 Years,2
Boston Celtics,Guard,JD Davison,1.6,0.6,0.3,1.85,88,USA,22 years,2002-10-03,2022 R2 Pick 53,2 Years,10
Indiana Pacers,Guard,RayJ Dennis,0.9,0.8,0.6,1.88,82,USA,23 years,2001-03-30,Undrafted,Rookie,3
Sacramento Kings,Guard-Forward,DeMar DeRozan,22.2,3.9,4.2,1.98,100,USA,35 years,1989-08-07,2009 R1 Pick 9,15 Years,8
Charlotte Hornets,Forward,Moussa Diabat�,5.4,6.4,0.9,2.06,95,France,23 years,2002-01-21,2022 R2 Pick 43,2 Years,1
Toronto Raptors,Guard-Forward,Gradey Dick,14.4,3.6,1.8,1.98,91,USA,21 years,2003-11-20,2023 R1 Pick 13,1 Year,11
Oklahoma City Thunder,Forward,Ousmane Dieng,3.8,2.2,0.8,2.06,84,France,21 years,2003-05-21,2022 R1 Pick 11,2 Years,5
Minnesota Timberwolves,Guard,Rob Dillingham,5.0,1.1,2.2,1.91,79,USA,20 years,2005-01-04,2024 R1 Pick 8,Rookie,1
Dallas Mavericks,Guard,Spencer Dinwiddie,11.0,2.4,4.0,1.96,98,USA,31 years,1993-04-06,2014 R2 Pick 38,10 Years,4
Minnesota Timberwolves,Guard,Donte DiVincenzo,11.8,3.7,3.7,1.93,92,USA,28 years,1997-01-31,2018 R1 Pick 17,6 Years,1
Los Angeles Lakers,Forward-Guard,Luka Don?i?,27.6,8.5,7.8,1.98,104,Slovenia,26 years,1999-02-28,2018 R1 Pick 3,6 Years,2
Oklahoma City Thunder,Guard,Luguentz Dort,9.9,4.2,1.6,1.93,100,Canada,25 years,1999-04-19,Undrafted,5 Years,4
Chicago Bulls,Guard,Ayo Dosunmu,12.3,3.5,4.5,1.96,91,USA,25 years,2000-01-17,2021 R2 Pick 38,3 Years,1
Philadelphia 76ers,Guard,Jeff Dowtin Jr.,5.9,1.5,1.8,1.91,80,USA,27 years,1997-05-10,Undrafted,3 Years,5
NA,NA,PJ Dozier,0.8,0.6,0.6,1.98,93,USA,28 years,1996-10-25,Undrafted,6 Years,10
Philadelphia 76ers,Center,Andre Drummond,7.3,7.8,0.9,2.11,127,USA,31 years,1993-08-10,2012 R1 Pick 9,12 Years,8
NA,NA,Chris Duarte,2.1,1.2,0.5,1.96,86,Dominican Republic,27 years,1997-06-13,2021 R1 Pick 13,3 Years,6
Oklahoma City Thunder,Guard,Alex Ducas,1.5,1.0,0.2,2.01,100,Australia,24 years,2000-12-11,Undrafted,Rookie,12
San Antonio Spurs,Guard,David Duke Jr.,1.3,0.8,0.8,1.93,93,USA,25 years,1999-10-13,Undrafted,3 Years,10
LA Clippers,Guard,Kris Dunn,6.1,3.5,3.0,1.91,93,USA,31 years,1994-03-18,2016 R1 Pick 5,8 Years,3
Phoenix Suns,Forward,Ryan Dunn,6.4,3.2,0.8,2.03,98,USA,22 years,2003-01-07,2024 R1 Pick 28,Rookie,1
Phoenix Suns,Forward,Kevin Durant,26.6,6.1,4.4,2.11,109,USA,36 years,1988-09-29,2007 R1 Pick 2,16 Years,9
Detroit Pistons,Center,Jalen Duren,11.5,10.3,2.5,2.08,113,USA,21 years,2003-11-18,2022 R1 Pick 13,2 Years,11
Houston Rockets,Forward,Tari Eason,12.4,6.4,1.4,2.03,98,USA,23 years,2001-05-10,2022 R1 Pick 17,2 Years,5
Memphis Grizzlies,Center,Zach Edey,9.2,7.7,0.9,2.24,138,Canada,22 years,2002-05-14,2024 R1 Pick 9,Rookie,5
Minnesota Timberwolves,Guard,Anthony Edwards,27.5,5.8,4.6,1.93,102,USA,23 years,2001-08-05,2020 R1 Pick 1,4 Years,8
Minnesota Timberwolves,Center,Jesse Edwards,--,--,0.5,2.13,107,Netherlands,25 years,2000-03-18,Undrafted,Rookie,3
Philadelphia 76ers,Forward,Justin Edwards,9.4,3.1,1.5,2.01,92,USA,21 years,2003-12-16,Undrafted,Rookie,12
Dallas Mavericks,Forward,Kessler Edwards,4.3,2.8,1.1,2.01,92,USA,24 years,2000-08-09,2021 R2 Pick 44,3 Years,8
Sacramento Kings,Guard,Keon Ellis,8.4,2.6,1.4,1.93,79,USA,25 years,2000-01-08,Undrafted,2 Years,1
Philadelphia 76ers,Center-Forward,Joel Embiid,23.8,8.2,4.5,2.13,127,Cameroon,31 years,1994-03-16,2014 R1 Pick 3,8 Years,3
Brooklyn Nets,Guard,Tyson Etienne,--,--,--,1.88,91,USA,25 years,1999-09-17,Undrafted,Rookie,9
LA Clippers,Forward-Center,Drew Eubanks,5.1,4.0,1.0,2.08,111,USA,28 years,1997-02-01,Undrafted,6 Years,2
Brooklyn Nets,Forward,Tosan Evbuomwan,9.4,4.0,1.6,2.01,98,United Kingdom,24 years,2001-02-16,Undrafted,1 Year,2
Dallas Mavericks,Guard,Dant� Exum,9.1,1.7,2.8,1.96,97,Australia,29 years,1995-07-13,2014 R1 Pick 5,7 Years,7
NA,NA,Bruno Fernando,3.4,3.0,1.1,2.06,109,Angola,26 years,1998-08-15,2019 R2 Pick 34,5 Years,8
Utah Jazz,Center,Kyle Filipowski,8.6,5.4,1.9,2.11,113,USA,21 years,2003-11-07,2024 R2 Pick 32,Rookie,11
Los Angeles Lakers,Forward,Dorian Finney-Smith,8.3,3.9,1.4,2.01,100,USA,31 years,1993-05-04,Undrafted,8 Years,5
Oklahoma City Thunder,Guard,Adam Flagler,1.5,0.6,0.3,1.91,82,USA,25 years,1999-12-01,Undrafted,1 Year,12
LA Clippers,Forward,Trentyn Flowers,4.5,2.0,--,2.06,84,USA,20 years,2005-03-08,Undrafted,Rookie,3
NA,NA,Malachi Flynn,4.0,1.8,1.8,1.85,84,USA,26 years,1998-05-09,2020 R1 Pick 29,4 Years,5
Detroit Pistons,Forward,Simone Fontecchio,6.2,3.0,0.9,2.01,95,Italy,29 years,1995-12-09,Undrafted,2 Years,12
San Antonio Spurs,Guard,De'Aaron Fox,23.5,4.8,6.3,1.91,84,USA,27 years,1997-12-20,2017 R1 Pick 5,7 Years,12
Indiana Pacers,Forward,Enrique Freeman,1.7,1.0,0.4,2.01,100,USA,24 years,2000-07-29,2024 R2 Pick 50,Rookie,7
Sacramento Kings,Guard,Markelle Fultz,2.4,0.6,0.8,1.93,95,USA,26 years,1998-05-29,2017 R1 Pick 1,7 Years,5
Indiana Pacers,Guard,Johnny Furphy,1.6,1.2,0.2,2.06,91,Australia,20 years,2004-12-08,2024 R2 Pick 35,Rookie,12
Dallas Mavericks,Forward-Center,Daniel Gafford,12.3,6.9,1.4,2.08,120,USA,26 years,1998-10-01,2019 R2 Pick 38,5 Years,10
Cleveland Cavaliers,Guard,Darius Garland,20.9,2.7,6.7,1.85,87,USA,25 years,2000-01-26,2019 R1 Pick 5,5 Years,1
NA,NA,Marcus Garrett,7.0,1.5,3.3,1.96,93,USA,26 years,1998-11-09,Undrafted,1 Year,11
Minnesota Timberwolves,Center,Luka Garza,3.8,1.5,0.3,2.08,110,USA,26 years,1998-12-27,2021 R2 Pick 52,3 Years,12
Utah Jazz,Guard,Keyonte George,16.9,3.8,5.8,1.93,84,USA,21 years,2003-11-08,2023 R1 Pick 16,1 Year,11
Washington Wizards,Forward,Kyshawn George,8.8,4.3,2.5,2.03,91,Switzerland,21 years,2003-12-12,2024 R1 Pick 24,Rookie,12
Philadelphia 76ers,Forward,Paul George,16.2,5.3,4.3,2.03,100,USA,34 years,1990-05-02,2010 R1 Pick 10,14 Years,5
Charlotte Hornets,Forward,Taj Gibson,3.0,3.4,0.6,2.06,105,USA,39 years,1985-06-24,2009 R1 Pick 26,15 Years,6
Chicago Bulls,Guard,Josh Giddey,14.0,7.7,6.9,2.03,98,Australia,22 years,2002-10-10,2021 R1 Pick 6,3 Years,10
Oklahoma City Thunder,Guard,Shai Gilgeous-Alexander,32.9,5.1,6.3,1.98,88,Canada,26 years,1998-07-12,2018 R1 Pick 11,6 Years,7
Washington Wizards,Forward,Anthony Gill,2.3,1.0,0.3,2.03,104,USA,32 years,1992-10-17,Undrafted,4 Years,10
Phoenix Suns,Guard,Collin Gillespie,3.8,1.6,1.8,1.85,88,USA,25 years,1999-06-25,Undrafted,1 Year,6
Minnesota Timberwolves,Center,Rudy Gobert,10.9,10.3,1.8,2.16,117,France,32 years,1992-06-26,2013 R1 Pick 27,11 Years,6
Los Angeles Lakers,Guard,Jordan Goodwin,7.0,4.2,1.5,1.96,98,USA,26 years,1998-10-23,Undrafted,3 Years,10
Denver Nuggets,Forward,Aaron Gordon,14.3,5.0,3.0,2.03,107,USA,29 years,1995-09-16,2014 R1 Pick 4,10 Years,9
Philadelphia 76ers,Guard,Eric Gordon,6.8,1.2,1.7,1.91,98,USA,36 years,1988-12-25,2008 R1 Pick 7,16 Years,12
NA,NA,Jazian Gortman,1.5,0.3,0.4,1.88,83,USA,22 years,2003-03-14,Undrafted,Rookie,3
Portland Trail Blazers,Forward,Jerami Grant,14.4,3.5,2.1,2.01,95,USA,31 years,1994-03-12,2014 R2 Pick 39,10 Years,3
Milwaukee Bucks,Guard,AJ Green,7.3,2.2,1.4,1.93,86,USA,25 years,1999-09-27,Undrafted,2 Years,9
Golden State Warriors,Forward,Draymond Green,9.2,6.2,5.7,1.98,104,USA,35 years,1990-03-04,2012 R2 Pick 35,12 Years,3
Houston Rockets,Guard,Jalen Green,21.2,4.6,3.4,1.93,84,USA,23 years,2002-02-09,2021 R1 Pick 2,3 Years,2
Cleveland Cavaliers,Guard,Javonte Green,5.6,3.4,0.9,1.96,93,USA,31 years,1993-07-23,Undrafted,5 Years,7
Houston Rockets,Forward,Jeff Green,4.9,1.7,0.5,2.03,107,USA,38 years,1986-08-28,2007 R1 Pick 5,16 Years,8
Charlotte Hornets,Guard,Josh Green,7.4,2.6,1.6,1.96,91,Australia,24 years,2000-11-16,2020 R1 Pick 18,4 Years,11
Philadelphia 76ers,Guard,Quentin Grimes,13.6,4.2,2.7,1.93,95,USA,24 years,2000-05-08,2021 R1 Pick 25,3 Years,5
Atlanta Hawks,Forward,Mouhamed Gueye,5.9,3.3,0.7,2.08,95,Senegal,22 years,2002-11-09,2023 R2 Pick 39,1 Year,11
Los Angeles Lakers,Forward,Rui Hachimura,13.1,5.2,1.5,2.03,104,Japan,27 years,1998-02-08,2019 R1 Pick 9,5 Years,2
Indiana Pacers,Guard,Tyrese Haliburton,18.4,3.6,9.1,1.96,84,USA,25 years,2000-02-29,2020 R1 Pick 12,4 Years,2
Denver Nuggets,Center,PJ Hall,1.4,1.1,0.2,2.08,111,USA,23 years,2002-02-21,Undrafted,Rookie,2
Detroit Pistons,Guard-Forward,Tim Hardaway Jr.,10.3,2.4,1.6,1.96,93,USA,33 years,1992-03-16,2013 R1 Pick 24,11 Years,3
LA Clippers,Guard,James Harden,22.6,5.8,8.7,1.96,100,USA,35 years,1989-08-26,2009 R1 Pick 3,15 Years,8
Dallas Mavericks,Guard,Jaden Hardy,8.1,1.5,1.4,1.91,90,USA,22 years,2002-07-05,2022 R2 Pick 37,2 Years,7
Utah Jazz,Guard,Elijah Harkless,3.2,2.1,0.8,1.91,88,USA,25 years,2000-02-03,Undrafted,Rookie,2
Detroit Pistons,Guard-Forward,Ron Harper Jr.,--,--,1.0,1.93,106,USA,24 years,2000-04-12,Undrafted,2 Years,4
Orlando Magic,Guard,Gary Harris,2.8,1.3,0.5,1.93,95,USA,30 years,1994-09-14,2014 R1 Pick 19,10 Years,9
Detroit Pistons,Forward,Tobias Harris,13.8,6.1,2.2,2.03,103,USA,32 years,1992-07-15,2011 R1 Pick 19,13 Years,7
New York Knicks,Guard,Josh Hart,13.9,9.7,5.7,1.93,98,USA,30 years,1995-03-06,2017 R1 Pick 30,7 Years,3
Oklahoma City Thunder,Center-Forward,Isaiah Hartenstein,11.4,11.1,3.9,2.13,113,Germany,26 years,1998-05-05,2017 R2 Pick 43,6 Years,5
Boston Celtics,Forward,Sam Hauser,7.8,3.1,0.9,2.01,98,USA,27 years,1997-12-08,Undrafted,3 Years,12
New Orleans Pelicans,Guard,Jordan Hawkins,10.6,2.7,1.2,1.96,86,USA,22 years,2002-04-29,2023 R1 Pick 14,1 Year,4
Los Angeles Lakers,Center-Forward,Jaxson Hayes,6.9,4.8,1.2,2.13,100,USA,24 years,2000-05-23,2019 R1 Pick 8,5 Years,5
NA,NA,Killian Hayes,9.0,3.0,5.2,1.96,88,France,23 years,2001-07-27,2020 R1 Pick 7,4 Years,7
Portland Trail Blazers,Guard,Scoot Henderson,12.8,3.0,5.0,1.91,93,USA,21 years,2004-02-03,2023 R1 Pick 3,1 Year,2
Utah Jazz,Forward,Taylor Hendricks,4.7,5.0,0.7,2.06,98,USA,21 years,2003-11-22,2023 R1 Pick 9,1 Year,11
Miami Heat,Guard,Tyler Herro,23.4,5.2,5.6,1.96,88,USA,25 years,2000-01-20,2019 R1 Pick 13,5 Years,1
Golden State Warriors,Guard,Buddy Hield,11.2,3.2,1.7,1.93,100,Bahamas,32 years,1992-12-17,2016 R1 Pick 6,8 Years,12
Miami Heat,Forward,Haywood Highsmith,6.3,3.1,1.4,1.96,100,USA,28 years,1996-12-09,2018,4 Years,12
Houston Rockets,Guard,Aaron Holiday,5.3,1.3,1.3,1.83,84,USA,28 years,1996-09-30,2018 R1 Pick 23,6 Years,9
Boston Celtics,Guard,Jrue Holiday,10.9,4.3,3.8,1.93,93,USA,34 years,1990-06-12,2009 R1 Pick 17,15 Years,6
Detroit Pistons,Forward,Ronald Holland II,6.3,2.6,0.9,2.03,93,USA,19 years,2005-07-07,2024 R1 Pick 5,Rookie,7
Washington Wizards,Forward,Richaun Holmes,7.5,5.9,1.5,2.06,107,USA,31 years,1993-10-15,2015 R2 Pick 37,9 Years,10
Denver Nuggets,Forward,DaRon Holmes II,--,--,--,2.08,102,USA,22 years,2002-08-15,2024 R1 Pick 22,Rookie,8
Oklahoma City Thunder,Center-Forward,Chet Holmgren,15.2,8.3,1.8,2.16,94,USA,22 years,2002-05-01,2022 R1 Pick 2,1 Year,5
Philadelphia 76ers,Guard,Jalen Hood-Schifino,7.0,1.7,2.1,1.96,95,USA,21 years,2003-06-19,2023 R1 Pick 17,1 Year,6
Boston Celtics,Center-Forward,Al Horford,8.4,5.9,2.1,2.06,109,Dominican Republic,38 years,1986-06-03,2007 R1 Pick 3,17 Years,6
Chicago Bulls,Guard,Talen Horton-Tucker,5.4,1.7,1.3,1.93,106,USA,24 years,2000-11-25,2019 R2 Pick 46,5 Years,11
Orlando Magic,Guard,Caleb Houstan,3.2,1.0,0.4,2.03,93,Canada,22 years,2003-01-09,2022 R2 Pick 32,2 Years,1
Orlando Magic,Guard,Jett Howard,4.1,1.2,0.7,1.98,98,USA,21 years,2003-09-14,2023 R1 Pick 11,1 Year,9
Chicago Bulls,Guard-Forward,Kevin Huerter,9.3,3.0,2.0,2.01,90,USA,26 years,1998-08-27,2018 R1 Pick 19,6 Years,8
Memphis Grizzlies,Center,Jay Huff,7.0,2.1,0.6,2.16,109,USA,27 years,1997-08-25,Undrafted,3 Years,8
New York Knicks,Center,Ariel Hukporti,1.9,2.0,0.4,2.11,112,Germany,22 years,2002-04-12,2024 R2 Pick 58,Rookie,4
Cleveland Cavaliers,Forward-Guard,De'Andre Hunter,17.4,3.9,1.4,2.03,100,USA,27 years,1997-12-02,2019 R1 Pick 4,5 Years,12
Minnesota Timberwolves,Guard,Bones Hyland,6.8,1.1,1.4,1.88,77,USA,24 years,2000-09-14,2021 R1 Pick 26,3 Years,9
Phoenix Suns,Forward,Oso Ighodaro,3.7,3.6,1.1,2.13,107,USA,22 years,2002-07-14,2024 R2 Pick 40,Rookie,7
Minnesota Timberwolves,Forward-Guard,Joe Ingles,0.8,0.6,1.2,2.03,100,Australia,37 years,1987-10-02,Undrafted,10 Years,10
Toronto Raptors,Forward,Brandon Ingram,22.2,5.6,5.2,2.03,86,USA,27 years,1997-09-02,2016 R1 Pick 2,8 Years,9
San Antonio Spurs,Forward,Harrison Ingram,0.7,1.7,0.3,1.96,104,USA,22 years,2002-11-27,2024 R2 Pick 48,Rookie,11
Dallas Mavericks,Guard,Kyrie Irving,24.7,4.8,4.6,1.88,88,Australia,33 years,1992-03-23,2011 R1 Pick 1,13 Years,3
Orlando Magic,Forward,Jonathan Isaac,5.5,4.5,0.5,2.08,104,USA,27 years,1997-10-03,2017 R1 Pick 6,5 Years,10
Detroit Pistons,Guard,Jaden Ivey,17.6,4.1,4.0,1.93,88,USA,23 years,2002-02-13,2022 R1 Pick 5,2 Years,2
Memphis Grizzlies,Forward,GG Jackson,7.8,3.2,1.0,2.06,95,USA,20 years,2004-12-17,2023 R2 Pick 45,1 Year,12
Indiana Pacers,Forward,Isaiah Jackson,7.0,5.6,1.0,2.06,93,USA,23 years,2002-01-10,2021 R1 Pick 22,3 Years,1
Indiana Pacers,Guard,Quenton Jackson,5.3,1.5,1.7,1.96,78,USA,26 years,1998-09-15,Undrafted,2 Years,9
NA,NA,Reggie Jackson,4.4,1.4,1.5,1.88,94,USA,34 years,1990-04-16,2011 R1 Pick 24,13 Years,4
Milwaukee Bucks,Guard,Andre Jackson Jr.,3.6,2.9,1.3,1.98,95,USA,23 years,2001-11-13,2023 R2 Pick 36,1 Year,11
Memphis Grizzlies,Forward-Center,Jaren Jackson Jr.,22.4,5.7,2.1,2.08,110,USA,25 years,1999-09-15,2018 R1 Pick 4,6 Years,9
Golden State Warriors,Forward,Trayce Jackson-Davis,6.9,5.4,1.8,2.06,111,USA,25 years,2000-02-22,2023 R2 Pick 57,1 Year,2
Los Angeles Lakers,Guard,Bronny James,2.3,0.6,0.6,1.91,95,USA,20 years,2004-10-06,2024 R2 Pick 55,Rookie,10
Los Angeles Lakers,Forward,LeBron James,24.9,8.2,8.5,2.06,113,USA,40 years,1984-12-30,2003 R1 Pick 1,21 Years,12
Miami Heat,Guard,Jaime Jaquez Jr.,8.6,4.5,2.5,1.98,102,USA,24 years,2001-02-18,2023 R1 Pick 18,1 Year,2
Charlotte Hornets,Guard-Forward,DaQuan Jeffries,6.3,2.7,1.1,1.96,101,USA,27 years,1997-08-30,Undrafted,5 Years,8
Los Angeles Lakers,Center,Trey Jemison III,2.8,2.9,0.4,2.11,122,USA,25 years,1999-11-28,Undrafted,1 Year,11
Detroit Pistons,Guard,Daniss Jenkins,--,--,--,1.91,75,USA,23 years,2001-08-17,Undrafted,Rookie,8
Cleveland Cavaliers,Guard-Forward,Ty Jerome,12.0,2.5,3.4,1.96,88,USA,27 years,1997-07-08,2019 R1 Pick 24,5 Years,7
Oklahoma City Thunder,Guard,Isaiah Joe,9.8,2.6,1.5,1.91,75,USA,25 years,1999-07-02,2020 R2 Pick 49,4 Years,7
Washington Wizards,Guard,AJ Johnson,5.0,1.5,2.2,1.96,73,USA,20 years,2004-12-01,2024 R1 Pick 23,Rookie,12
Brooklyn Nets,Forward,Cameron Johnson,19.0,4.4,3.2,2.03,95,USA,29 years,1996-03-03,2019 R1 Pick 11,5 Years,3
Atlanta Hawks,Forward,Jalen Johnson,18.9,10.0,5.0,2.03,99,USA,23 years,2001-12-18,2021 R1 Pick 20,3 Years,12
Indiana Pacers,Forward,James Johnson,0.7,0.5,0.3,2.01,109,USA,38 years,1987-02-20,2009 R1 Pick 16,15 Years,2
San Antonio Spurs,Forward-Guard,Keldon Johnson,12.6,4.6,1.5,1.96,100,USA,25 years,1999-10-11,2019 R1 Pick 29,5 Years,10
Brooklyn Nets,Guard,Keon Johnson,10.2,3.7,2.0,1.96,84,USA,23 years,2002-03-10,2021 R1 Pick 21,3 Years,3
Miami Heat,Forward,Keshad Johnson,1.6,1.7,0.3,2.01,102,USA,23 years,2001-06-23,Undrafted,Rookie,6
Denver Nuggets,Center,Nikola Joki?,29.1,12.8,10.3,2.11,129,Serbia,30 years,1995-02-19,2014 R2 Pick 41,9 Years,2
Washington Wizards,Guard,Colby Jones,2.1,1.2,0.6,1.98,94,USA,22 years,2002-05-28,2023 R2 Pick 34,1 Year,5
Oklahoma City Thunder,Forward,Dillon Jones,2.3,2.1,1.0,1.96,107,USA,23 years,2001-10-29,2024 R1 Pick 26,Rookie,10
New Orleans Pelicans,Forward,Herbert Jones,10.3,3.9,3.3,2.01,93,USA,26 years,1998-10-06,2021 R2 Pick 35,3 Years,10
Sacramento Kings,Forward,Isaac Jones,3.7,1.5,0.3,2.06,111,USA,24 years,2000-07-11,Undrafted,Rookie,7
Dallas Mavericks,Center-Forward,Kai Jones,3.5,2.3,0.5,2.11,100,Bahamas,24 years,2001-01-19,2021 R1 Pick 19,2 Years,1
Sacramento Kings,Guard,Mason Jones,2.6,0.9,1.1,1.93,91,USA,26 years,1998-07-21,Undrafted,3 Years,7
Denver Nuggets,Forward,Spencer Jones,1.3,0.7,0.1,2.01,102,USA,23 years,2001-06-14,Undrafted,Rookie,6
Chicago Bulls,Guard,Tre Jones,7.2,2.5,4.2,1.85,84,USA,25 years,2000-01-08,2020 R2 Pick 41,4 Years,1
Phoenix Suns,Guard,Tyus Jones,10.5,2.4,5.6,1.85,89,USA,28 years,1996-05-10,2015 R1 Pick 24,9 Years,5
LA Clippers,Forward,Derrick Jones Jr.,10.4,3.4,0.8,1.98,95,USA,28 years,1997-02-15,Undrafted,8 Years,2
Denver Nuggets,Center,DeAndre Jordan,3.3,4.7,0.8,2.11,120,USA,36 years,1988-07-21,2008 R2 Pick 35,16 Years,7
Orlando Magic,Guard,Cory Joseph,3.0,1.1,1.1,1.88,91,Canada,33 years,1991-08-20,2011 R1 Pick 29,13 Years,8
Miami Heat,Forward,Nikola Jovi?,10.7,3.9,2.8,2.08,93,Serbia,21 years,2003-06-09,2022 R1 Pick 27,2 Years,6
Utah Jazz,Guard,Johnny Juzang,8.1,2.8,0.9,1.96,103,USA,24 years,2001-03-17,Undrafted,2 Years,3
Memphis Grizzlies,Guard,Yuki Kawamura,1.2,0.4,0.7,1.73,72,Japan,23 years,2001-05-02,Undrafted,Rookie,5
NA,NA,Kylor Kelley,3.0,2.6,0.3,2.13,104,USA,27 years,1997-08-26,Undrafted,Rookie,8
Memphis Grizzlies,Guard,Luke Kennard,9.6,2.8,3.4,1.96,93,USA,28 years,1996-06-24,2017 R1 Pick 12,7 Years,6
Utah Jazz,Center,Walker Kessler,11.4,12.3,1.7,2.13,111,USA,23 years,2001-07-26,2022 R1 Pick 22,2 Years,7
Golden State Warriors,Forward,Braxton Key,1.1,0.9,0.5,2.03,102,USA,28 years,1997-02-14,Undrafted,3 Years,2
Washington Wizards,Forward,Corey Kispert,11.6,3.0,1.7,1.98,102,USA,26 years,1999-03-03,2021 R1 Pick 15,3 Years,3
Los Angeles Lakers,Forward,Maxi Kleber,3.0,2.8,1.3,2.08,109,Germany,33 years,1992-01-29,Undrafted,7 Years,1
Detroit Pistons,Forward,Bobi Klintman,--,0.7,0.2,2.06,102,Sweden,22 years,2003-03-06,2024 R2 Pick 37,Rookie,3
Los Angeles Lakers,Forward,Dalton Knecht,9.6,3.0,0.9,1.98,98,USA,23 years,2001-04-19,2024 R1 Pick 17,Rookie,4
NA,NA,Kevin Knox II,4.0,1.6,0.6,2.03,98,USA,25 years,1999-08-11,2018 R1 Pick 9,6 Years,8
New York Knicks,Guard,Tyler Kolek,1.8,0.5,0.9,1.91,88,USA,23 years,2001-03-27,2024 R2 Pick 34,Rookie,3
Los Angeles Lakers,Center,Christian Koloko,2.5,2.4,0.5,2.13,102,Cameroon,24 years,2000-06-20,2022 R2 Pick 33,1 Year,6
Memphis Grizzlies,Guard,John Konchar,2.4,3.3,0.9,1.96,95,USA,29 years,1996-03-22,Undrafted,5 Years,3
Boston Celtics,Center-Forward,Luke Kornet,5.2,5.0,1.5,2.16,113,USA,29 years,1995-07-15,Undrafted,7 Years,7
Atlanta Hawks,Guard,V�t Krej?�,6.9,2.6,2.7,2.03,88,Czech Republic,24 years,2000-06-19,2020 R2 Pick 37,3 Years,6
Golden State Warriors,Forward,Jonathan Kuminga,16.3,4.7,2.3,2.01,102,DRC,22 years,2002-10-06,2021 R1 Pick 7,3 Years,10
Milwaukee Bucks,Forward,Kyle Kuzma,14.7,6.2,2.3,2.06,100,USA,29 years,1995-07-24,2017 R1 Pick 27,7 Years,7
NA,NA,Skal Labissiere,1.3,0.8,0.3,2.08,107,Haiti,29 years,1996-03-18,2016 R1 Pick 28,4 Years,3
Houston Rockets,Center,Jock Landale,4.0,3.1,0.8,2.11,116,Australia,29 years,1995-10-25,Undrafted,3 Years,10
Sacramento Kings,Forward,Jake LaRavia,7.0,4.0,2.4,2.01,107,USA,23 years,2001-11-03,2022 R1 Pick 19,2 Years,11
Miami Heat,Guard,Pelle Larsson,3.9,1.4,0.9,1.96,98,Sweden,24 years,2001-02-23,2024 R2 Pick 44,Rookie,2
Sacramento Kings,Guard,Zach LaVine,23.2,4.5,4.3,1.96,91,USA,30 years,1995-03-10,2014 R1 Pick 13,10 Years,3
Toronto Raptors,Guard,A.J. Lawson,9.1,3.2,0.9,1.98,81,Canada,24 years,2000-07-15,Undrafted,2 Years,7
Phoenix Suns,Guard-Forward,Damion Lee,3.3,0.8,0.5,1.98,95,USA,32 years,1992-10-21,Undrafted,6 Years,10
Los Angeles Lakers,Center,Alex Len,1.6,2.1,0.8,2.13,113,Ukraine,31 years,1993-06-16,2013 R1 Pick 5,11 Years,6
LA Clippers,Forward,Kawhi Leonard,19.7,5.4,3.0,2.01,102,USA,33 years,1991-06-29,2011 R1 Pick 15,12 Years,6
NA,NA,Malevy Leons,0.3,0.5,0.2,2.06,95,Netherlands,25 years,1999-09-23,Undrafted,Rookie,9
Atlanta Hawks,Guard,Caris LeVert,11.9,3.1,3.4,1.98,93,USA,30 years,1994-08-25,2016 R1 Pick 20,8 Years,8
Brooklyn Nets,Forward,Maxwell Lewis,2.7,1.2,0.5,2.01,98,USA,22 years,2002-07-27,2023 R2 Pick 40,1 Year,7
Chicago Bulls,Forward,E.J. Liddell,2.1,0.7,0.4,1.98,109,USA,24 years,2000-12-18,2022 R2 Pick 41,1 Year,12
Milwaukee Bucks,Guard,Damian Lillard,24.9,4.7,7.1,1.88,88,USA,34 years,1990-07-15,2012 R1 Pick 6,12 Years,7
Dallas Mavericks,Center,Dereck Lively II,9.1,7.8,2.6,2.16,104,USA,21 years,2004-02-12,2023 R1 Pick 12,1 Year,2
Milwaukee Bucks,Forward,Chris Livingston,1.2,1.4,0.1,1.98,100,USA,21 years,2003-10-15,2023 R2 Pick 58,1 Year,10
Golden State Warriors,Forward,Kevon Looney,4.7,6.3,1.6,2.06,101,USA,29 years,1996-02-06,2015 R1 Pick 30,9 Years,2
Milwaukee Bucks,Center,Brook Lopez,12.7,5.0,1.7,2.16,128,USA,36 years,1988-04-01,2008 R1 Pick 10,16 Years,4
Miami Heat,Forward-Center,Kevin Love,5.3,4.1,1.0,2.03,114,USA,36 years,1988-09-07,2008 R1 Pick 5,16 Years,9
Philadelphia 76ers,Guard,Kyle Lowry,4.0,2.0,2.8,1.83,89,USA,38 years,1986-03-25,2006 R1 Pick 24,18 Years,3
LA Clippers,Guard-Forward,Seth Lundy,1.6,0.8,--,1.93,100,USA,24 years,2000-04-02,2023 R2 Pick 46,1 Year,4
Sacramento Kings,Forward,Trey Lyles,6.5,4.6,1.2,2.06,106,Canada,29 years,1995-11-05,2015 R1 Pick 12,9 Years,11
San Antonio Spurs,Forward-Center,Sandro Mamukelashvili,5.6,2.6,0.6,2.06,109,Georgia,25 years,1999-05-23,2021 R2 Pick 54,3 Years,5
Atlanta Hawks,Guard-Forward,Terance Mann,7.2,2.9,1.8,1.96,98,USA,28 years,1996-10-18,2019 R2 Pick 48,5 Years,10
Charlotte Hornets,Guard,Tre Mann,14.1,2.9,3.0,1.91,81,USA,24 years,2001-02-03,2021 R1 Pick 18,3 Years,2
Utah Jazz,Forward-Center,Lauri Markkanen,19.0,5.9,1.5,2.13,109,Finland,27 years,1997-05-22,2017 R1 Pick 7,7 Years,5
Dallas Mavericks,Forward,Naji Marshall,12.9,4.8,2.9,1.98,100,USA,27 years,1998-01-24,Undrafted,4 Years,1
Dallas Mavericks,Forward,Caleb Martin,8.4,4.1,2.2,1.96,93,USA,29 years,1995-09-28,Undrafted,5 Years,9
Phoenix Suns,Forward,Cody Martin,7.5,4.5,2.2,1.98,93,USA,29 years,1995-09-28,2019 R2 Pick 36,5 Years,9
Washington Wizards,Guard,Jaylen Martin,3.3,2.1,0.4,1.98,98,USA,21 years,2004-01-28,Undrafted,Rookie,1
Utah Jazz,Forward,KJ Martin,6.5,3.1,1.0,1.98,98,USA,24 years,2001-01-06,2020 R2 Pick 52,4 Years,1
Brooklyn Nets,Forward,Tyrese Martin,8.5,3.6,1.9,1.98,98,USA,26 years,1999-03-07,2022 R2 Pick 51,1 Year,3
Atlanta Hawks,Guard,Garrison Mathews,7.6,1.8,1.3,1.98,98,USA,28 years,1996-10-24,Undrafted,5 Years,10
Indiana Pacers,Guard-Forward,Bennedict Mathurin,16.2,5.4,1.9,1.96,95,Canada,22 years,2002-06-19,2022 R1 Pick 6,2 Years,6
New Orleans Pelicans,Forward-Center,Karlo Matkovi?,6.4,4.6,1.0,2.08,105,Bosnia and Herzegovina,23 years,2001-03-30,2022 R2 Pick 52,Rookie,3
Philadelphia 76ers,Guard,Tyrese Maxey,26.3,3.3,6.1,1.88,91,USA,24 years,2000-11-04,2020 R1 Pick 21,4 Years,11
New York Knicks,Guard,Miles McBride,9.4,2.5,2.9,1.85,88,USA,24 years,2000-09-08,2021 R2 Pick 36,3 Years,9
Philadelphia 76ers,Guard,Jared McCain,15.3,2.4,2.6,1.91,88,USA,21 years,2004-02-20,2024 R1 Pick 16,Rookie,2
Orlando Magic,Guard,Mac McClung,--,0.5,1.5,1.88,84,USA,26 years,1999-01-06,Undrafted,2 Years,1
New Orleans Pelicans,Guard,CJ McCollum,20.8,3.8,4.0,1.91,86,USA,33 years,1991-09-19,2013 R1 Pick 10,11 Years,9
Indiana Pacers,Guard,T.J. McConnell,9.2,2.4,4.5,1.85,86,USA,32 years,1992-03-25,2015,9 Years,3
New York Knicks,Guard,Kevin McCullar Jr.,--,--,--,1.98,95,USA,24 years,2001-03-15,2024 R2 Pick 56,Rookie,3
Minnesota Timberwolves,Forward,Jaden McDaniels,12.7,6.0,2.1,2.06,84,USA,24 years,2000-09-29,2020 R1 Pick 28,4 Years,9
NA,NA,Jalen McDaniels,--,--,0.3,2.06,86,USA,27 years,1998-01-31,2019 R2 Pick 52,5 Years,1
Sacramento Kings,Forward,Doug McDermott,3.1,0.5,0.1,1.98,102,USA,33 years,1992-01-03,2014 R1 Pick 11,10 Years,1
Portland Trail Blazers,Guard,Bryce McGowens,1.0,0.2,0.2,1.98,86,USA,22 years,2002-11-08,2022 R2 Pick 40,2 Years,11
San Antonio Spurs,Guard,Jordan McLaughlin,1.9,0.6,0.9,1.83,84,USA,28 years,1996-04-09,Undrafted,5 Years,4
Houston Rockets,Guard-Forward,Jack McVeigh,2.0,0.6,0.1,2.03,98,Australia,28 years,1996-06-27,Undrafted,Rookie,6
Brooklyn Nets,Guard,De'Anthony Melton,10.3,3.3,2.8,1.91,91,USA,26 years,1998-05-28,2018 R2 Pick 46,6 Years,5
Cleveland Cavaliers,Guard,Sam Merrill,7.0,2.1,1.4,1.93,93,USA,28 years,1996-05-15,2020 R2 Pick 60,4 Years,5
Phoenix Suns,Guard,Vasilije Mici?,7.1,2.3,3.3,1.91,85,Serbia,31 years,1994-01-13,2014 R2 Pick 52,1 Year,1
Washington Wizards,Forward,Khris Middleton,12.1,3.8,4.1,2.01,101,USA,33 years,1991-08-12,2012 R2 Pick 39,12 Years,8
Charlotte Hornets,Forward,Brandon Miller,21.0,4.9,3.6,2.01,91,USA,22 years,2002-11-22,2023 R1 Pick 2,1 Year,11
Chicago Bulls,Forward,Emanuel Miller,--,--,--,2.01,98,Canada,24 years,2000-06-19,Undrafted,Rookie,6
LA Clippers,Guard,Jordan Miller,4.4,1.7,1.0,1.96,88,USA,25 years,2000-01-23,2023 R2 Pick 48,1 Year,1
Minnesota Timberwolves,Forward,Leonard Miller,1.8,1.1,--,2.08,100,Canada,21 years,2003-11-26,2023 R2 Pick 33,1 Year,11
LA Clippers,Guard,Patty Mills,3.6,0.8,1.0,1.88,82,Australia,36 years,1988-08-11,2009 R2 Pick 55,15 Years,8
Los Angeles Lakers,Guard,Shake Milton,5.6,1.9,1.9,1.96,93,USA,28 years,1996-09-26,2018 R2 Pick 54,6 Years,9
Portland Trail Blazers,Forward,Justin Minaya,--,0.4,0.2,1.96,93,USA,25 years,1999-03-26,Undrafted,2 Years,3
San Antonio Spurs,Forward,Riley Minix,--,2.0,--,2.01,104,USA,24 years,2000-09-22,Undrafted,Rookie,9
Minnesota Timberwolves,Forward,Josh Minott,2.3,1.1,0.4,2.03,93,USA,22 years,2002-11-25,2022 R2 Pick 45,2 Years,11
New Orleans Pelicans,Center,Yves Missi,8.8,8.0,1.3,2.11,107,Cameroon,20 years,2004-05-14,2024 R1 Pick 21,Rookie,5
Oklahoma City Thunder,Guard,Ajay Mitchell,6.4,2.0,1.7,1.96,86,Belgium,22 years,2002-06-25,2024 R2 Pick 38,Rookie,6
Miami Heat,Guard,Davion Mitchell,7.2,2.1,4.6,1.83,92,USA,26 years,1998-09-05,2021 R1 Pick 9,3 Years,9
Cleveland Cavaliers,Guard,Donovan Mitchell,23.8,4.4,4.8,1.91,98,USA,28 years,1996-09-07,2017 R1 Pick 13,7 Years,9
Cleveland Cavaliers,Center,Evan Mobley,18.7,9.3,3.1,2.11,98,USA,23 years,2001-06-18,2021 R1 Pick 3,3 Years,6
Toronto Raptors,Forward,Jonathan Mogbo,5.3,4.2,1.7,2.06,102,USA,23 years,2001-10-29,2024 R2 Pick 31,Rookie,10
Sacramento Kings,Guard,Malik Monk,18.1,3.8,5.9,1.91,91,USA,27 years,1998-02-04,2017 R1 Pick 11,7 Years,2
Golden State Warriors,Guard,Moses Moody,10.0,2.5,1.3,1.96,96,USA,22 years,2002-05-31,2021 R1 Pick 14,3 Years,5
NA,NA,Taz� Moore,3.0,4.0,0.5,1.96,88,USA,26 years,1998-06-29,Undrafted,1 Year,6
Charlotte Hornets,Guard,Wendell Moore Jr.,3.9,2.6,1.2,1.96,98,USA,23 years,2001-09-18,2022 R1 Pick 26,2 Years,9
Memphis Grizzlies,Guard,Ja Morant,22.3,4.1,7.4,1.88,79,USA,25 years,1999-08-10,2019 R1 Pick 2,5 Years,8
Los Angeles Lakers,Forward,Markieff Morris,3.2,1.4,1.1,2.06,111,USA,35 years,1989-09-02,2011 R1 Pick 13,13 Years,9
Phoenix Suns,Guard,Mont� Morris,5.0,1.4,1.6,1.88,83,USA,29 years,1995-06-27,2017 R2 Pick 51,7 Years,6
New Orleans Pelicans,Forward,Trey Murphy III,21.2,5.1,3.5,2.03,93,USA,24 years,2000-06-18,2021 R1 Pick 17,3 Years,6
New Orleans Pelicans,Guard,Dejounte Murray,17.5,6.5,7.4,1.93,82,USA,28 years,1996-09-19,2016 R1 Pick 29,7 Years,9
Denver Nuggets,Guard,Jamal Murray,21.3,3.8,6.0,1.93,98,Canada,28 years,1997-02-23,2016 R1 Pick 7,7 Years,2
Sacramento Kings,Forward,Keegan Murray,12.3,6.8,1.5,2.03,102,USA,24 years,2000-08-19,2022 R1 Pick 4,2 Years,8
Portland Trail Blazers,Forward,Kris Murray,4.0,2.5,0.9,2.03,98,USA,24 years,2000-08-19,2023 R1 Pick 23,1 Year,8
Utah Jazz,Guard-Forward,Svi Mykhailiuk,9.1,2.4,1.9,2.01,93,Ukraine,27 years,1997-06-10,2018 R2 Pick 47,6 Years,6
Milwaukee Bucks,Forward,Pete Nance,1.9,1.1,0.3,2.08,102,USA,25 years,2000-02-19,Undrafted,1 Year,2
Atlanta Hawks,Forward-Center,Larry Nance Jr.,8.5,4.3,1.6,2.03,111,USA,32 years,1993-01-01,2015 R1 Pick 27,9 Years,1
Indiana Pacers,Guard-Forward,Andrew Nembhard,10.3,3.1,5.1,1.93,87,Canada,25 years,2000-01-16,2022 R2 Pick 31,2 Years,1
Indiana Pacers,Guard-Forward,Aaron Nesmith,11.3,3.8,1.4,1.98,98,USA,25 years,1999-10-16,2020 R1 Pick 14,4 Years,10
Minnesota Timberwolves,Guard,Tristen Newton,0.4,0.5,0.3,1.96,86,USA,23 years,2001-04-26,2024 R2 Pick 49,Rookie,4
Atlanta Hawks,Forward,Georges Niang,9.8,3.7,1.4,2.01,104,USA,31 years,1993-06-17,2016 R2 Pick 50,8 Years,6
NA,NA,Daishen Nix,0.3,1.3,1.0,1.93,108,USA,23 years,2002-02-13,Undrafted,3 Years,2
Denver Nuggets,Forward-Center,Zeke Nnaji,3.1,1.6,0.3,2.06,109,USA,24 years,2001-01-09,2020 R1 Pick 22,4 Years,1
Boston Celtics,Forward,Miles Norris,--,2.0,--,2.01,100,USA,24 years,2000-04-15,Undrafted,Rookie,4
NA,NA,Jaylen Nowell,8.4,2.5,2.3,1.93,91,USA,25 years,1999-07-09,2019 R2 Pick 43,5 Years,7
Charlotte Hornets,Center,Jusuf Nurki?,8.2,8.3,2.1,2.13,132,Bosnia and Herzegovina,30 years,1994-08-23,2014 R1 Pick 16,10 Years,8
NA,NA,Jahlil Okafor,--,1.0,1.0,2.08,122,USA,29 years,1995-12-15,2015 R1 Pick 3,6 Years,12
Philadelphia 76ers,Forward,Chuma Okeke,5.6,5.2,1.4,2.01,104,USA,26 years,1998-08-18,2019 R1 Pick 16,4 Years,8
Charlotte Hornets,Guard,Josh Okogie,6.9,3.0,0.8,1.93,97,Nigeria,26 years,1998-09-01,2018 R1 Pick 20,6 Years,9
Atlanta Hawks,Forward-Center,Onyeka Okongwu,13.0,8.6,2.3,2.08,109,USA,24 years,2000-12-11,2020 R1 Pick 6,4 Years,12
Cleveland Cavaliers,Forward-Guard,Isaac Okoro,5.6,2.2,1.3,1.96,102,USA,24 years,2001-01-26,2020 R1 Pick 5,4 Years,1
NA,NA,Quincy Olivari,1.5,--,0.5,1.91,91,USA,23 years,2001-05-27,Undrafted,Rookie,5
New Orleans Pelicans,Forward-Center,Kelly Olynyk,8.4,4.6,2.7,2.11,109,Canada,33 years,1991-04-19,2013 R1 Pick 13,11 Years,4
Phoenix Suns,Forward,Royce O'Neale,9.4,5.0,2.2,1.98,103,USA,31 years,1993-06-05,Undrafted,7 Years,6
Philadelphia 76ers,Forward-Guard,Kelly Oubre Jr.,15.1,6.1,1.8,2.03,92,USA,29 years,1995-12-09,2015 R1 Pick 15,9 Years,12
San Antonio Spurs,Guard,Chris Paul,8.9,3.7,7.8,1.83,79,USA,39 years,1985-05-06,2005 R1 Pick 4,19 Years,5
New York Knicks,Guard,Cameron Payne,6.9,1.4,2.8,1.91,83,USA,30 years,1994-08-08,2015 R1 Pick 14,9 Years,8
New Orleans Pelicans,Guard,Elfrid Payton,3.8,2.6,4.9,1.91,88,USA,31 years,1994-02-22,2014 R1 Pick 10,8 Years,2
Golden State Warriors,Guard,Gary Payton II,6.6,2.9,1.3,1.88,88,USA,32 years,1992-12-01,Undrafted,8 Years,12
Boston Celtics,Forward,Drew Peterson,2.2,1.6,0.7,2.06,93,USA,25 years,1999-11-09,Undrafted,1 Year,11
Chicago Bulls,Forward,Julian Phillips,4.6,2.1,0.5,2.03,90,USA,21 years,2003-11-05,2023 R2 Pick 35,1 Year,11
Denver Nuggets,Guard,Jalen Pickett,3.6,1.2,1.9,1.88,92,USA,25 years,1999-10-22,2023 R2 Pick 32,1 Year,10
Memphis Grizzlies,Guard,Scotty Pippen Jr.,9.4,3.3,4.3,1.85,77,USA,24 years,2000-11-10,Undrafted,2 Years,11
Atlanta Hawks,Guard-Forward,Daeqwon Plowden,12.0,2.5,--,1.98,98,USA,26 years,1998-08-29,Undrafted,Rookie,8
Phoenix Suns,Forward-Center,Mason Plumlee,4.5,6.3,1.8,2.08,115,USA,35 years,1990-03-05,2013 R1 Pick 22,11 Years,3
Golden State Warriors,Guard,Brandin Podziemski,10.5,4.9,3.3,1.93,93,USA,22 years,2003-02-25,2023 R1 Pick 19,1 Year,2
Toronto Raptors,Center,Jakob Poeltl,14.3,9.6,2.8,2.13,118,Austria,29 years,1995-10-15,2016 R1 Pick 9,8 Years,10
Washington Wizards,Guard,Jordan Poole,20.5,3.2,4.6,1.93,88,USA,25 years,1999-06-19,2019 R1 Pick 28,5 Years,6
Cleveland Cavaliers,Guard,Craig Porter Jr.,2.9,1.1,1.3,1.85,82,USA,25 years,2000-02-26,Undrafted,1 Year,2
Milwaukee Bucks,Guard-Forward,Kevin Porter Jr.,9.5,3.5,3.2,1.93,92,USA,24 years,2000-05-04,2019 R1 Pick 30,4 Years,5
Denver Nuggets,Forward,Michael Porter Jr.,18.2,6.9,2.1,2.08,99,USA,26 years,1998-06-29,2018 R1 Pick 14,5 Years,6
Milwaukee Bucks,Forward,Bobby Portis,13.7,8.3,2.2,2.08,113,USA,30 years,1995-02-10,2015 R1 Pick 22,9 Years,2
Boston Celtics,Forward-Center,Kristaps Porzi??is,19.5,6.9,2.0,2.18,109,Latvia,29 years,1995-08-02,2015 R1 Pick 4,8 Years,8
Golden State Warriors,Center,Quinten Post,8.7,3.8,1.4,2.13,108,Netherlands,25 years,2000-03-21,2024 R2 Pick 52,Rookie,3
Utah Jazz,Center,Micah Potter,4.2,4.2,0.8,2.06,112,USA,26 years,1998-04-06,Undrafted,3 Years,4
Dallas Mavericks,Forward-Center,Dwight Powell,2.1,2.2,1.0,2.08,109,Canada,33 years,1991-07-20,2014 R2 Pick 45,10 Years,7
LA Clippers,Guard,Norman Powell,23.0,3.4,2.1,1.93,98,USA,31 years,1993-05-25,2015 R2 Pick 46,9 Years,5
Milwaukee Bucks,Forward,Taurean Prince,8.2,3.7,2.0,1.98,99,USA,31 years,1994-03-22,2016 R1 Pick 12,8 Years,3
Boston Celtics,Guard,Payton Pritchard,14.1,3.7,3.4,1.85,88,USA,27 years,1998-01-28,2020 R1 Pick 26,4 Years,1
Dallas Mavericks,Forward,Olivier-Maxence Prosper,3.9,2.4,0.8,2.01,104,Canada,22 years,2002-07-03,2023 R1 Pick 24,1 Year,7
Memphis Grizzlies, Guard,Zyon Pullin,--,--,--,1.93,93,USA,24 years,2001-03-03,Undrafted,Rookie,3
Orlando Magic,Guard,Trevelin Queen,4.3,1.6,1.2,1.96,86,USA,28 years,1997-02-25,Undrafted,3 Years,2
Boston Celtics,Center,Neemias Queta,5.0,3.9,0.6,2.13,112,Portugal,25 years,1999-07-13,2021 R2 Pick 39,3 Years,7
Toronto Raptors,Guard,Immanuel Quickley,17.3,3.6,5.6,1.88,86,USA,25 years,1999-06-17,2020 R1 Pick 25,4 Years,6
New Orleans Pelicans,Guard,Lester Quinones,2.3,1.0,0.3,1.93,94,USA,24 years,2000-11-16,Undrafted,2 Years,11
Minnesota Timberwolves,Forward-Center,Julius Randle,18.7,7.0,4.6,2.06,113,USA,30 years,1994-11-29,2014 R1 Pick 7,10 Years,11
Portland Trail Blazers,Center,Duop Reath,4.1,1.9,0.6,2.06,111,South Sudan,28 years,1996-06-26,Undrafted,1 Year,6
Los Angeles Lakers,Guard,Austin Reaves,19.7,4.5,6.0,1.96,89,USA,26 years,1998-05-29,Undrafted,3 Years,5
Los Angeles Lakers,Forward-Guard,Cam Reddish,3.2,2.0,0.7,2.01,98,USA,25 years,1999-09-01,2019 R1 Pick 10,5 Years,9
Detroit Pistons,Forward,Paul Reed,4.1,2.6,0.9,2.06,95,USA,25 years,1999-06-14,2020 R2 Pick 58,4 Years,6
Philadelphia 76ers,Forward-Center,Alex Reese,4.9,3.0,0.2,2.06,111,USA,25 years,1999-05-21,Undrafted,Rookie,5
New Orleans Pelicans,Guard,Antonio Reeves,4.5,1.1,0.7,1.96,93,USA,22 years,2002-11-20,2024 R2 Pick 47,Rookie,11
Minnesota Timberwolves,Center-Forward,Naz Reid,14.6,6.1,2.3,2.06,120,USA,25 years,1999-08-26,Undrafted,5 Years,8
Toronto Raptors,Guard,Jared Rhoden,7.1,3.0,0.8,1.96,95,USA,25 years,1999-08-27,Undrafted,2 Years,8
Phoenix Suns,Center,Nick Richards,9.7,8.4,1.0,2.13,111,Jamaica,27 years,1997-11-29,2020 R2 Pick 42,4 Years,11
NA,NA,Josh Richardson,4.0,1.5,1.5,1.96,91,USA,31 years,1993-09-15,2015 R2 Pick 40,9 Years,9
Atlanta Hawks,Forward,Zaccharie Risacher,11.9,3.7,1.2,2.03,91,France,19 years,2005-04-08,2024 R1 Pick 1,Rookie,4
NA,NA,Liam Robbins,0.7,0.9,0.2,2.13,113,USA,25 years,1999-07-12,Undrafted,Rookie,7
Miami Heat,Forward,Duncan Robinson,11.1,2.3,2.5,2.01,98,USA,30 years,1994-04-22,Undrafted,6 Years,4
New York Knicks,Center-Forward,Mitchell Robinson,5.5,5.5,0.5,2.13,109,USA,26 years,1998-04-01,2018 R2 Pick 36,6 Years,4
Toronto Raptors,Center,Orlando Robinson,6.0,4.4,1.6,2.08,107,USA,24 years,2000-07-10,Undrafted,2 Years,7
New Orleans Pelicans,Forward,Jeremiah Robinson-Earl,5.7,4.4,1.1,2.03,109,USA,24 years,2000-11-03,2021 R2 Pick 32,3 Years,11
Houston Rockets,Forward,David Roddy,4.7,2.6,1.1,1.93,116,USA,23 years,2001-03-27,2022 R1 Pick 23,2 Years,3
Milwaukee Bucks,Guard,Ryan Rollins,4.8,1.7,1.4,1.91,82,USA,22 years,2002-07-03,2022 R2 Pick 44,2 Years,7
Golden State Warriors,Forward,Jackson Rowe,3.2,1.6,0.6,2.01,95,Canada,28 years,1997-01-04,Undrafted,Rookie,1
Miami Heat,Guard,Terry Rozier,11.2,3.8,2.7,1.85,86,USA,31 years,1994-03-17,2015 R1 Pick 16,9 Years,3
Portland Trail Blazers,Guard-Forward,Rayan Rupert,2.1,1.1,0.4,1.98,88,France,20 years,2004-05-31,2023 R2 Pick 43,1 Year,5
Brooklyn Nets,Guard,D'Angelo Russell,13.0,2.8,5.2,1.91,88,USA,29 years,1996-02-23,2015 R1 Pick 2,9 Years,2
NA,NA,Matt Ryan,1.5,0.4,0.2,1.98,98,USA,27 years,1997-04-17,Undrafted,3 Years,4
Sacramento Kings,Forward-Center,Domantas Sabonis,19.2,13.9,6.2,2.08,109,Lithuania,28 years,1996-05-03,2016 R1 Pick 11,8 Years,5
Charlotte Hornets,Forward,Tidjane Sala�n,5.3,4.2,1.1,2.03,94,France,19 years,2005-08-10,2024 R1 Pick 6,Rookie,8
NA,NA,Adama Sanogo,2.0,1.5,0.3,2.06,111,Mali,23 years,2002-02-12,Undrafted,1 Year,2
Golden State Warriors,Forward,Gui Santos,4.2,3.1,1.4,1.98,84,Brazil,22 years,2002-06-22,2022 R2 Pick 55,1 Year,6
Denver Nuggets,Forward-Center,Dario �ari?,3.5,3.3,1.5,2.08,102,Croatia,30 years,1994-04-08,2014 R1 Pick 12,7 Years,4
Washington Wizards,Center,Alex Sarr,12.7,6.7,2.3,2.13,93,France,19 years,2005-04-26,2024 R1 Pick 2,Rookie,4
Detroit Pistons,Guard,Marcus Sasser,5.7,1.1,2.2,1.88,88,USA,24 years,2000-09-21,2023 R1 Pick 25,1 Year,9
Boston Celtics,Guard,Baylor Scheierman,2.5,1.4,0.7,1.98,93,USA,24 years,2000-09-26,2024 R1 Pick 30,Rookie,9
Detroit Pistons,Guard,Dennis Schr�der,13.3,2.6,5.3,1.85,79,Germany,31 years,1993-09-15,2013 R1 Pick 17,11 Years,9
Houston Rockets,Center,Alperen Sengun,19.0,10.5,4.9,2.11,110,Turkey,22 years,2002-07-25,2021 R1 Pick 16,3 Years,7
Utah Jazz,Forward,Brice Sensabaugh,10.0,2.7,1.4,1.96,107,USA,21 years,2003-10-30,2023 R1 Pick 28,1 Year,10
Utah Jazz,Guard,Collin Sexton,18.3,2.9,4.2,1.91,86,USA,26 years,1999-01-04,2018 R1 Pick 8,6 Years,1
New York Knicks,Guard,Landry Shamet,3.9,1.0,0.5,1.93,86,USA,28 years,1997-03-13,2018 R1 Pick 26,6 Years,3
Minnesota Timberwolves,Guard-Forward,Terrence Shannon Jr.,4.6,1.5,1.0,1.98,98,USA,24 years,2000-07-30,2024 R1 Pick 27,Rookie,7
Brooklyn Nets,Center,Day'Ron Sharpe,7.9,6.6,1.8,2.06,120,USA,23 years,2001-11-06,2021 R1 Pick 29,3 Years,11
Portland Trail Blazers,Guard,Shaedon Sharpe,17.5,4.2,2.6,1.96,94,Canada,21 years,2003-05-30,2022 R1 Pick 7,2 Years,5
Toronto Raptors,Guard,Jamal Shead,6.3,1.4,3.8,1.85,91,USA,22 years,2002-07-24,2024 R2 Pick 45,Rookie,7
Indiana Pacers,Guard,Ben Sheppard,5.5,2.9,1.3,1.98,86,USA,23 years,2001-07-16,2023 R1 Pick 26,1 Year,7
Houston Rockets,Guard,Reed Sheppard,3.9,1.4,1.2,1.88,84,USA,20 years,2004-06-24,2024 R1 Pick 3,Rookie,6
Indiana Pacers,Forward,Pascal Siakam,20.9,7.0,3.4,2.03,111,Cameroon,30 years,1994-04-02,2016 R1 Pick 27,8 Years,4
LA Clippers,Guard-Forward,Ben Simmons,5.7,4.9,6.3,2.08,109,Australia,28 years,1996-07-20,2016 R1 Pick 1,6 Years,7
Portland Trail Blazers,Guard,Anfernee Simons,19.6,2.7,4.8,1.91,91,USA,25 years,1999-06-08,2018 R1 Pick 24,6 Years,6
Charlotte Hornets,Guard,KJ Simpson,7.3,2.8,2.8,1.83,86,USA,22 years,2002-08-08,2024 R2 Pick 42,Rookie,8
Milwaukee Bucks,Center,Jericho Sims,1.8,3.7,0.6,2.08,113,USA,26 years,1998-10-20,2021 R2 Pick 58,3 Years,10
Washington Wizards,Guard,Marcus Smart,9.3,2.2,3.5,1.91,100,USA,31 years,1994-03-06,2014 R1 Pick 6,10 Years,3
Miami Heat,Guard,Dru Smith,6.2,2.6,1.6,1.88,92,USA,27 years,1997-12-30,Undrafted,2 Years,12
Chicago Bulls,Forward-Center,Jalen Smith,8.1,5.5,1.0,2.06,98,USA,25 years,2000-03-16,2020 R1 Pick 10,4 Years,3
Detroit Pistons,Forward,Tolu Smith,--,--,--,2.11,NA,USA,24 years,2000-07-26,Undrafted,Rookie,7
Milwaukee Bucks,Forward,Tyler Smith,2.3,1.1,0.2,2.06,102,USA,20 years,2004-11-02,2024 R2 Pick 33,Rookie,11
Houston Rockets,Forward,Jabari Smith Jr.,12.2,6.6,1.0,2.08,100,USA,21 years,2003-05-13,2022 R1 Pick 3,2 Years,5
Charlotte Hornets,Guard,Nick Smith Jr.,9.4,2.0,2.1,1.88,84,USA,20 years,2004-04-18,2023 R1 Pick 27,1 Year,4
San Antonio Spurs,Forward,Jeremy Sochan,11.7,6.7,2.4,2.03,104,Poland,21 years,2003-05-20,2022 R1 Pick 9,2 Years,5
Memphis Grizzlies,Guard,Cam Spencer,4.1,1.4,1.3,1.93,93,USA,24 years,2000-04-06,2024 R2 Pick 53,Rookie,4
Golden State Warriors,Guard,Pat Spencer,2.6,1.4,1.2,1.91,93,USA,28 years,1996-07-04,Undrafted,1 Year,7
Utah Jazz,Guard,Jaden Springer,2.2,1.0,0.7,1.93,92,USA,22 years,2002-09-25,2021 R1 Pick 28,3 Years,9
Miami Heat, Guard,Isaiah Stevens,--,--,--,1.83,84,USA,24 years,2000-11-01,Undrafted,Rookie,11
Memphis Grizzlies,Forward,Lamar Stevens,4.2,3.2,0.6,2.01,104,USA,27 years,1997-07-09,Undrafted,4 Years,7
Detroit Pistons,Forward-Center,Isaiah Stewart,5.9,5.6,1.7,2.03,113,USA,23 years,2001-05-22,2020 R1 Pick 16,4 Years,5
Denver Nuggets,Guard,Julian Strawther,9.4,2.2,1.3,1.98,93,USA,22 years,2002-04-18,2023 R1 Pick 29,1 Year,4
Cleveland Cavaliers,Guard-Forward,Max Strus,9.5,4.3,3.0,1.96,98,USA,28 years,1996-03-28,Undrafted,5 Years,3
Orlando Magic,Guard,Jalen Suggs,16.2,4.0,3.7,1.96,93,USA,23 years,2001-06-03,2021 R1 Pick 5,3 Years,6
NA,NA,Cole Swider,--,1.0,0.5,2.03,100,USA,25 years,1999-05-08,Undrafted,2 Years,5
Houston Rockets,Forward,Jae'Sean Tate,3.6,2.3,0.9,1.93,104,USA,29 years,1995-10-28,Undrafted,4 Years,10
Boston Celtics,Forward-Guard,Jayson Tatum,27.1,8.7,5.9,2.03,95,USA,27 years,1998-03-03,2017 R1 Pick 3,7 Years,3
Sacramento Kings,Forward,Terry Taylor,1.5,1.2,0.3,1.93,104,USA,25 years,1999-09-23,Undrafted,3 Years,9
Toronto Raptors,Guard-Forward,Garrett Temple,1.3,1.0,1.1,1.96,88,USA,38 years,1986-05-08,Undrafted,14 Years,5
Chicago Bulls,Forward,Dalen Terry,4.3,1.5,1.3,2.01,88,USA,22 years,2002-07-12,2022 R1 Pick 18,2 Years,7
NA,NA,Daniel Theis,4.3,4.3,1.6,2.03,111,Germany,32 years,1992-04-04,Undrafted,7 Years,4
Brooklyn Nets,Guard,Cam Thomas,24.0,3.3,3.8,1.91,95,Japan,23 years,2001-10-13,2021 R1 Pick 27,3 Years,10
Houston Rockets,Guard-Forward,Amen Thompson,14.1,8.3,3.7,2.01,91,USA,22 years,2003-01-30,2023 R1 Pick 4,1 Year,1
Detroit Pistons,Guard-Forward,Ausar Thompson,9.6,4.9,2.2,1.98,93,USA,22 years,2003-01-30,2023 R1 Pick 5,1 Year,1
Orlando Magic,Guard,Ethan Thompson,--,--,--,1.96,88,Puerto Rico,25 years,1999-05-04,Undrafted,Rookie,5
Dallas Mavericks,Guard,Klay Thompson,14.5,3.6,2.1,1.96,100,USA,35 years,1990-02-08,2011 R1 Pick 11,11 Years,2
Cleveland Cavaliers,Center-Forward,Tristan Thompson,1.5,2.7,0.6,2.06,115,Canada,34 years,1991-03-13,2011 R1 Pick 4,13 Years,3
Washington Wizards,Forward,JT Thor,3.4,1.2,0.3,2.06,92,USA,22 years,2002-08-26,2021 R2 Pick 37,3 Years,8
Portland Trail Blazers,Guard-Forward,Matisse Thybulle,3.8,3.8,1.3,1.96,91,USA,28 years,1997-03-04,2019 R1 Pick 20,5 Years,3
Boston Celtics,Forward,Xavier Tillman,1.0,1.3,0.2,2.01,111,USA,26 years,1999-01-12,2020 R2 Pick 35,4 Years,1
Cleveland Cavaliers,Forward,Nae'Qwan Tomlin,3.3,2.0,--,2.08,95,USA,24 years,2000-12-19,Undrafted,Rookie,12
Oklahoma City Thunder,Guard,Nikola Topi?,--,--,--,1.98,91,Serbia,19 years,2005-08-10,2024 R1 Pick 12,Rookie,8
Atlanta Hawks,Forward,Jacob Toppin,0.4,0.7,0.3,2.03,91,USA,24 years,2000-05-08,Undrafted,1 Year,5
Indiana Pacers,Forward,Obi Toppin,10.3,4.1,1.6,2.06,100,USA,27 years,1998-03-04,2020 R1 Pick 8,4 Years,3
New York Knicks,Center-Forward,Karl-Anthony Towns,24.5,12.9,3.0,2.13,112,USA,29 years,1995-11-15,2015 R1 Pick 1,9 Years,11
NA,NA,Armel Traor�,1.6,1.7,0.1,2.06,111,France,22 years,2003-01-23,Undrafted,Rookie,1
Cleveland Cavaliers,Forward,Luke Travers,0.9,1.3,0.6,2.01,94,Australia,23 years,2001-09-03,2022 R2 Pick 56,Rookie,9
Milwaukee Bucks,Guard,Gary Trent Jr.,10.8,2.3,1.2,1.96,93,USA,26 years,1999-01-18,2018 R2 Pick 37,6 Years,1
NA,NA,NA,NA,NA,NA,NA,NA,NA,NA,NA,NA,NA,NA
New York Knicks, Forward,P.J. Tucker,--,--,--,1.96,111,USA,39 years,1985-05-05,2006 R2 Pick 35,13 Years,5
Indiana Pacers,Center-Forward,Myles Turner,15.6,6.5,1.6,2.11,113,USA,28 years,1996-03-24,2015 R1 Pick 11,9 Years,3
Denver Nuggets,Forward,Hunter Tyson,2.4,1.5,0.4,2.03,98,USA,24 years,2000-06-13,2023 R2 Pick 37,1 Year,6
Cleveland Cavaliers,Guard-Forward,Jaylon Tyson,3.0,1.9,0.9,1.98,98,USA,22 years,2002-12-02,2024 R1 Pick 20,Rookie,12
Milwaukee Bucks,Guard,Stanley Umude,0.6,0.8,0.2,1.98,95,USA,25 years,1999-04-12,Undrafted,2 Years,4
Sacramento Kings,Center,Jonas Valan?i?nas,11.0,8.2,2.2,2.11,120,Lithuania,32 years,1992-05-06,2011 R1 Pick 5,12 Years,5
Los Angeles Lakers,Forward,Jarred Vanderbilt,4.2,5.0,1.3,2.03,97,USA,25 years,1999-04-03,2018 R2 Pick 41,6 Years,4
Houston Rockets,Guard,Fred VanVleet,14.6,4.0,5.6,1.83,89,USA,31 years,1994-02-25,Undrafted,8 Years,2
San Antonio Spurs,Guard-Forward,Devin Vassell,16.1,3.9,2.9,1.96,91,USA,24 years,2000-08-23,2020 R1 Pick 11,4 Years,8
Los Angeles Lakers,Guard,Gabe Vincent,6.2,1.2,1.5,1.88,91,USA,28 years,1996-06-14,Undrafted,5 Years,6
Chicago Bulls,Center,Nikola Vu?evi?,18.6,10.1,3.4,2.08,118,Montenegro,34 years,1990-10-24,2011 R1 Pick 16,13 Years,10
Washington Wizards,Forward,Tristan Vukcevic,7.3,3.2,1.0,2.08,100,Italy,22 years,2003-03-11,2023 R2 Pick 42,1 Year,3
Cleveland Cavaliers,Forward-Center,Dean Wade,5.5,4.6,1.3,2.06,103,USA,28 years,1996-11-20,Undrafted,5 Years,11
Orlando Magic,Forward,Franz Wagner,24.2,5.7,4.7,2.08,100,Germany,23 years,2001-08-27,2021 R1 Pick 8,3 Years,8
Orlando Magic,Forward-Center,Moritz Wagner,12.9,4.9,1.4,2.11,111,Germany,27 years,1997-04-26,2018 R1 Pick 25,6 Years,4
Portland Trail Blazers,Forward,Jabari Walker,4.7,3.5,0.6,2.01,108,USA,22 years,2002-07-30,2022 R2 Pick 57,2 Years,7
Indiana Pacers,Forward,Jarace Walker,5.5,2.8,1.3,2.01,107,USA,21 years,2003-09-04,2023 R1 Pick 8,1 Year,9
Philadelphia 76ers,Guard-Forward,Lonnie Walker IV,7.7,3.0,1.8,1.93,93,USA,26 years,1998-12-14,2018 R1 Pick 18,6 Years,12
Oklahoma City Thunder,Guard,Cason Wallace,8.2,3.5,2.5,1.91,88,USA,21 years,2003-11-07,2023 R1 Pick 10,1 Year,11
Atlanta Hawks,Guard,Keaton Wallace,5.4,1.4,2.2,1.91,84,USA,26 years,1999-02-26,Undrafted,Rookie,2
Boston Celtics,Guard,Jordan Walsh,1.6,1.3,0.4,1.98,93,USA,21 years,2004-03-03,2023 R2 Pick 38,1 Year,3
Toronto Raptors,Guard,Ja'Kobe Walter,7.8,2.9,1.3,1.96,82,USA,20 years,2004-09-04,2024 R1 Pick 19,Rookie,9
Miami Heat,Center,Kel'el Ware,8.9,6.8,0.9,2.13,104,USA,20 years,2004-04-20,2024 R1 Pick 15,Rookie,4
Dallas Mavericks,Forward,P.J. Washington,14.8,8.0,2.2,1.98,104,USA,26 years,1998-08-23,2019 R1 Pick 12,5 Years,8
Phoenix Suns,Guard,TyTy Washington Jr.,2.4,0.9,1.2,1.91,88,USA,23 years,2001-11-15,2022 R1 Pick 29,2 Years,11
Detroit Pistons,Forward,Lindy Waters III,4.9,2.2,1.0,1.98,95,USA,27 years,1997-07-28,Undrafted,3 Years,7
Brooklyn Nets,Guard-Forward,Trendon Watford,9.7,3.3,2.3,2.03,108,USA,24 years,2000-11-09,Undrafted,3 Years,11
New York Knicks,Forward,Anton Watson,1.2,0.4,0.4,2.03,102,USA,24 years,2000-10-06,2024 R2 Pick 54,Rookie,10
Denver Nuggets,Guard,Peyton Watson,7.9,3.3,1.4,2.01,91,USA,22 years,2002-09-11,2022 R1 Pick 30,2 Years,9
Memphis Grizzlies,Forward,Jaylen Wells,10.6,3.3,1.7,2.03,NA,USA,21 years,2003-08-26,2024 R2 Pick 39,Rookie,8
San Antonio Spurs,Forward-Center,Victor Wembanyama,24.3,11.0,3.7,2.21,107,France,21 years,2004-01-04,2023 R1 Pick 1,1 Year,1
San Antonio Spurs,Guard,Blake Wesley,3.2,0.8,1.9,1.91,84,USA,22 years,2003-03-16,2022 R1 Pick 25,2 Years,3
Denver Nuggets,Guard,Russell Westbrook,13.2,5.1,6.3,1.93,91,USA,36 years,1988-11-12,2008 R1 Pick 4,16 Years,11
Chicago Bulls,Guard,Coby White,20.0,3.6,4.4,1.96,88,USA,25 years,2000-02-16,2019 R1 Pick 7,5 Years,2
Boston Celtics,Guard,Derrick White,16.6,4.4,4.4,1.93,86,USA,30 years,1994-07-02,2017 R1 Pick 29,7 Years,7
Brooklyn Nets,Guard-Forward,Dariq Whitehead,3.9,0.6,0.1,1.98,100,USA,20 years,2004-08-01,2023 R1 Pick 22,1 Year,8
Houston Rockets,Forward,Cam Whitmore,9.0,3.0,0.9,2.01,104,USA,20 years,2004-07-08,2023 R1 Pick 20,1 Year,7
Oklahoma City Thunder,Guard,Aaron Wiggins,11.6,3.8,1.7,1.96,86,USA,26 years,1999-01-02,2021 R2 Pick 55,3 Years,1
Miami Heat,Forward,Andrew Wiggins,17.9,4.5,2.5,2.01,89,Canada,30 years,1995-02-23,2014 R1 Pick 1,10 Years,2
NA,NA,Alondes Williams,5.0,--,1.0,1.93,95,USA,25 years,1999-06-19,Undrafted,2 Years,6
Dallas Mavericks,Guard,Brandon Williams,7.2,1.6,2.1,1.85,86,USA,25 years,1999-11-22,Undrafted,2 Years,11
Utah Jazz,Forward,Cody Williams,4.6,2.3,1.2,2.01,86,USA,20 years,2004-11-20,2024 R1 Pick 10,Rookie,11
Charlotte Hornets,Forward,Grant Williams,10.4,5.1,2.3,1.98,107,USA,26 years,1998-11-30,2019 R1 Pick 22,5 Years,11
Oklahoma City Thunder,Guard-Forward,Jalen Williams,21.3,5.5,5.3,1.96,96,USA,23 years,2001-04-14,2022 R1 Pick 12,2 Years,4
Oklahoma City Thunder,Forward,Jaylin Williams,5.7,5.6,2.6,2.06,109,USA,22 years,2002-06-29,2022 R2 Pick 34,2 Years,6
Oklahoma City Thunder,Guard-Forward,Kenrich Williams,5.9,3.3,1.2,1.98,95,USA,30 years,1994-12-02,Undrafted,6 Years,12
Charlotte Hornets,Center,Mark Williams,15.5,10.1,2.5,2.13,109,USA,23 years,2001-12-16,2022 R1 Pick 15,2 Years,12
Houston Rockets,Guard,Nate Williams,2.8,0.5,0.4,1.96,93,USA,26 years,1999-02-12,Undrafted,2 Years,2
Chicago Bulls,Forward,Patrick Williams,8.9,3.9,2.0,2.01,98,USA,23 years,2001-08-26,2020 R1 Pick 4,4 Years,8
Brooklyn Nets,Forward,Ziaire Williams,10.3,4.8,1.4,2.06,84,USA,23 years,2001-09-12,2021 R1 Pick 10,3 Years,9
Portland Trail Blazers,Center-Forward,Robert Williams III,5.8,5.9,1.1,2.06,113,USA,27 years,1997-10-17,2018 R1 Pick 27,6 Years,10
Memphis Grizzlies,Guard,Vince Williams Jr.,6.6,3.7,2.1,1.93,93,USA,24 years,2000-08-30,2022 R2 Pick 47,2 Years,8
New Orleans Pelicans,Forward,Zion Williamson,24.6,7.2,5.3,1.98,129,USA,24 years,2000-07-06,2019 R1 Pick 1,4 Years,7
Brooklyn Nets,Forward,Jalen Wilson,9.0,3.2,1.8,1.98,100,USA,24 years,2000-11-04,2023 R2 Pick 51,1 Year,11
NA,NA,James Wiseman,6.0,1.0,--,2.11,109,USA,23 years,2001-03-31,2020 R1 Pick 2,3 Years,3
NA,NA,Isaiah Wong,6.0,1.6,1.4,1.91,84,USA,24 years,2001-01-28,2023 R2 Pick 55,1 Year,1
New York Knicks,Guard,Delon Wright,2.3,1.6,1.6,1.96,84,USA,32 years,1992-04-26,2015 R1 Pick 20,9 Years,4
Philadelphia 76ers,Forward,Guerschon Yabusele,10.7,5.6,2.0,2.03,120,France,29 years,1995-12-17,2016 R1 Pick 16,2 Years,12
NA,NA,Cui Yongxi,0.6,0.4,--,1.96,86,China,21 years,2003-05-28,Undrafted,Rookie,5
Chicago Bulls,Guard,Jahmir Young,--,1.0,1.0,1.85,84,USA,24 years,2000-10-07,Undrafted,Rookie,10
Atlanta Hawks,Guard,Trae Young,24.1,3.2,11.4,1.85,74,USA,26 years,1998-09-19,2018 R1 Pick 5,6 Years,9
LA Clippers,Center,Ivica Zubac,16.4,12.5,2.5,2.13,109,Croatia,28 years,1997-03-18,2016 R2 Pick 32,8 Years,3
